ID,Caption
BGYrOAXRidG,"With Rafiat and Jeremiah a couple of days ago for their pre wedding photo session. #bridetobe #esession #prewedding #engaged #wedding #couple #instawed #welovenaijaweddings #9naijabrides, #theblackbachelorette, #sugarweddings #talkwedding #youyourwedding"
BGYrL1dhA_j,#bridalgown#weddingdress#bridaldress#weddinggown#tulle#perfect#bridalstyle#gettingmarried#weddingplanning#engaged#weddingphotography#weddingbells#instawedding#instabride#bridaldesigner#bridesmaid#weddingday#bridal#photographer#bride#bridetobe#weddingblog#weddingday#weddinginspiration#weddingideas#weddings#weddingplanning#weddingstyle#dreamwedding#bridalmarket#gelinlik#dreamdress
BGYrJlnqhyA,"So many hashtags cause why not ð #redhair #mascara #tattoos #cute #engaged #summerselfie #instasize #gliter #pink #purple #maybellinemakeup #sunglasses #imsilly #sunkissed #imaprincess #ohwell #beautiful #taken #happy #sassy #sassygirl #whocares #upallnight #nightperson #iguessitsmorning #3:45am #crazy #solate"
BGYrFvlNnCd,"â¤ï¸Sharing the L O V Eâ¤ï¸ As any entrepreneurs would know - it can be a bit daunting & isolating working solo....that's why you need a fabulous support network like I've found in this bunch of awesome celebrants!!!ðð» I'm so grateful to call these legends friends and colleagues - not competition! They support & inspire me & I'm very grateful to have come across such a fun & fabulous team! ðð» photo by the awesome @amydeboer_photography #love #gratitide #inspiration #lovemyjob #goldcoast #byronbay #byronbayweddingcelebrant #conference #colleagues #weddings #engaged #newlyweds #entrepreneur #support #network #fun #team"
BGYqthiKyjO,"Happy Birthday to me!ð©ð° 25 Ã¥r og pÃ¥ vej i Djurs Sommerlandð #birthday #happybirthday #fÃ¸dselsdag #25 #djurssommerland #fitfam #fitfamdk #healthy #healthylifestyle #eatclean #eathealthy #weightloss #vÃ¦gttab #wedding #engaged #snapchat #forlovet"
BGYqspMsAde,"Never stop dating your spouse. Whether it's over a tasty latte or on your favorite food, keep on getting to know your other half. ð"
BGYqr-oJVmh,"""What a power is love! It is the most wonderful, the greatest of all living powers"" 
#alanisa #love #wedding #ring #diamond #pearls #earrings #veil #bride #groom #bowtie #chic #sweet #romantic #romance #cute #sweet #weddingday #antalya #turkey #destinationwedding #instabride #engaged #bridetobe #weddingring #gorgeous #beautiful #goldenhour #light  #weddingphotographer #amyandomidphotography"
BGYqon0JVGS,"Clear stock, props untuk tunang. Semua RM45 saja. Sapa cepat whatsapp dia dapat. 1 set sahaja tinggal. 
#diddycipapromotion â¤ï¸ whatsapp 017-4846115 â¤ï¸ #sayajual #cupcake #photoprops #photobooth #photoboothprop #propmurah #propcomel #propmalaysia #weddingprop #bubbletalk #bubbletalkmalaysia #bubbletalkmurah #kahwin #tunang #engaged #wedding #businesscard #sticker #guestbook #guestbookmurah #guestbookmalaysia #igframe #igframemurah #igframemalaysia  #igprops"
BGYqnuolgoz,"Velvet Fashion show event and my lighting at Versace hotel Dubai, dress by Renato Balestrað¡ð¡ð¡ð¡ð¡ @eventsmania"
BGYqnpsG4aL,"Favorite flowers of all time! #peonies #peoniesaremyfavorite #june #garden"
BGYqnMlCs2s,"Twinkle, twinkle. I've got a thing about lush green at the moment. Especially with our lights. Festoons on our grass wall, anyone? Mx"
BGYqjm_pVGM,"Clear stock, props untuk tunang. Semua RM20 saja. Sapa cepat whatsapp dia dapat. 1 set sahaja tinggal. 
#diddycipapromotion â¤ï¸ whatsapp 017-4846115 â¤ï¸ #sayajual #cupcake #photoprops #photobooth #photoboothprop #propmurah #propcomel #propmalaysia #weddingprop #bubbletalk #bubbletalkmalaysia #bubbletalkmurah #kahwin #tunang #engaged #wedding #businesscard #sticker #guestbook #guestbookmurah #guestbookmalaysia #igframe #igframemurah #igframemalaysia  #igprops"
BGYqgNYAgrC,"You rock my world â£#engaged #engagementshoot #briswed #kangaroopoint #brisbanewedding #brisbaneweddings #brisbaneweddingphotographer"
BGYqV6dgk-P,"Let's dance.. Good morning! ð½ð½ð½"
BGYqTZOwpA8,"Elegant. Timeless. Graceful.
Adelina headband captured by @lacandellaweddings
Model @clairecoulling 
Make up @brazilrainemua 
Hair @lapomponnee
Dress @cocoevoci 
#etsy #ewt #etsyweddings #etsyuk #bridalcollection #ido
#bridalheadband #weddinghair #weddinghairpiece #weddings
#engaged #bridetobe #bwbfinds #etsyelegance #elegant #couturewedding #couture"
BGYqJMzFgoV,"Velvet Fashion show event and my lighting at Versace hotel Dubai ,dress by Michael Cinco ð¡ð¡ð¡ð¡ð¡ @eventsmania"
BGYqHa3o875,"Classy Much ðððJD & Dalayna | #HW24couple 
Photograph by: @terribaskin 
#hotweddings24 #photographer #weddingphotography #wedding #weddingphotographer #weddings #couple #engaged #prewedding #engagement #preweddingphoto #blue #dress #dapper #mensfashion #womensfashion #weddinginspiration"
BGYqGRNsHwl,"Teaser from tonight's engagement session ð"
BGYqFqIDdXv,"Use this guide for properly assembling your #weddinginvitations and enclosure cards."
BGYp81cTN0w,"That cheeky crew we love from @entertainhers are bringing back the fun to #WBE2016 ð
.
.
.
.
#weddings #bride #bridal #engaged #marriage #hensparty #weddingplanning  #weddinginspiration #weddingstyling  #weddingexpo2016 #wollongongbridalexpo #wollongongweddingexpo #wollongongweddings #wollongongbrides #illawarraweddings #illawarrabrides #southcoastweddings #southcoastbrides"
BGYp8erovCE,"Who is on a mission? Operation wedding dress ð°ð¼ Message us to get started on your journey today ðð¼ #thebridediet 
Love E xx"
BGYpk_zHELc,"#engaged #Rings #specialDay #finally #stillinshock #lovingIt #bestdayofmylife #engagementphotos #engagementdayð #fun #ThankYouForWonderfulGift #loveYou"
BGYpjdUE1iE,"Beautiful Bride @natalygoncalves taking time out. Our #one advice to Brides to Be is... Take time out and
 B R E A T H E"
BGYpfcarght,"R E D E S I G N

Fresh out of the workshop and sparkling in the #light now that the #storms have passed. This Deco marquise number was made using our customers central marquise diamond from a simple engagement ring that she wasn't loving so much. We kinda took it right back, gave it an Art Deco feel and added a heap of diamonds. Nice isn't it! 
#diamonds #marquise #marquisediamond #artdeco #deco #artdecojewellery #uniquejewellery #bespoke #custommade #artdecojewelry #jewels #gemstones #engagementring #wedding #bridal #engaged #fiance #bridetobe #jewellery #jewelry #diamondring #engagementrings #wedding #bridebook #bertjewellery"
BGYpfbjPQm9,"Stunning Citrine by @agelessheirlooms. In fabulous condition too, what a great find! 
#heirloom #antique #Vintage #gems #jewellery #yellow #citrine #pearl #seedpearl #ring #showmeyourrings #jewelry #statementring #floral #details #gold #history #giftsforher #bridal #gifts #wedding #engaged"
BGYpdDMOmpe,"#germany #hamburg #alster #youth #bfgf #engaged #zukunft #future #jewish #jewishlife #freedom #SimchaStudio #abiel"
BGYpb9wKMyr,"What nail color do you want to wear on your wedding day?  #bridallook #fashion #bridetobe #engaged #bridaltulles #gettingmarried #weddingplanning #bridalfashion #bridesmaids #bride #nailart #humor"
BGYpYLKIlL8,"Congratulations to my dear friend Olu, on her engagement, when she told me the news I just had to make her a sketch #friends #engaged #engagement #fashion #instafashion #illustrations #illustration #draw #art #drawing #artist #illustrator #fashionillustration #sfs #followme #fashionsketch #fashionillustor #igers #nigerian #naijafashion #marriage #wife #beautiful #love"
BGYpWoAp3g-,"Some times I look down at my hand & get a little bit excited! ð¤ð°ð»ðð«
#Engaged #BrideToBe #Wedding #GettingMarried #Bride #Groom #Love #Life #Family #Ring #EngagementRing"
BGYpRksMMW5,"Our Hannah + Myles ceremony space, overlooking the lush tea plantation. Captured by @figtreepictures, coordination by @theeventslounge, florals by @elyssiumblooms_floralstyling."
BGYpPcDrxiE,"Another recent commission- Little bride and groom wedding cake topper. The groom is dressed in his helicopter pilot uniform. Check out my FB page to see more - you can find a link in my profile! #folksy #art #handmade #custommade #brideandgroom #weddingcaketopper #wedding #bride #cute #engaged #handmadewedding #fimo #weddingdress #groom #love #thedress #etsy #notonthehighstreet #handmadeisbetter #weddinginspiration #weddingcake #bouquet #weddinggift #caketopper #beautiful #handmadewithlove #craft #polymerclay #sculpey"
BGYpOa8n0W_,"99.9% of my clients warn me every time that they're always awkward in photos, then they go and be like...
.
.
.
#engaged #engagementsession #engagementshoot #gettingmarried #queenslandbrides #brisbanebrides #weddingphotographer #brisbaneweddingphotographer #photographer #photography #queenslandweddingphotographer #australianweddingphotographer #maleny #sunshinecoasthinterland #country"
BGYpNkGJ9t5,"Jon and Steph first met at the ND state fair near a ferris wheel - so it only made sense I surprised them with a ferris wheel shoot just four days before their wedding. #engagementphotos #engaged #proposal #bridal #bride #groom #kiss #love #weddingphotography #weddingphotographer #wedding #ndlegendary #northdakota"
BGYpIZ9N_Dm,"Love is all I need and your my one true Love. To be your wife is the joy in my life. #bridal #weddingdress #niamhcorazon #designer #irish #love #marriage #madeforme #dressmaking #bridaldress #fashionblogger #fabolous #love #bridetobe #bride #fashion #weddingday #equailwedding #engaged #engement #love #tobelovedbytbldesigner"
BGYpIA3nQ7l,"| ART DECO GLAM | Gorgeous vintage inspired ring by @sofiakaman â¤ï¸ #vintagestyle #weddings #finejewelry #glam #adore #artdeco #vintage #wedding #trouwen #inspiration #ido #instablogger #weddingideas #gold #diamond #lit #cut #different #vintageweddingwonderland #weddinginspiration #jewelry #engaged #engagement #ring #jewellery #retro #style #beautiful #inlove #noiva"
BGYpE0FhTcP,"When your bridesmaids are on point ðð¼ @rachelgilbertau @dianekhouryweddingsandevents #firstcomesthering"
BGYpC64SJSb,"On-line wedding album... Our backdrop from the Twilight Marketplace event recently was very much a deconstructed wedding album - how hipster is that... #backdrop #deconstructed #hipster #album #Wedding #weddingphotography #weddingvideo #weddingfilm #brides #brisbaneweddings #brisbanebrides #gettingmarried #creatives #brisbane #canon #engaged #weddinginspo #brides #igersbrisbane #instaweddings #igers"
BGYpCQUSFQK,"Ring by @helloreverie (repost: @ashleynwilkins) #ring #engagement #engagementring #engaged #propose #proposal #proposed #love #truelove #marryme #bridetobe #beautiful #uniqueengagementring #vintage #diamond #diamonds #diamondring #solitaire #shesaidyes #multistonering #stylemepretty #threestonering #nails"
BGYo5jbvEEG,"FLOWERS | I love a big bouquet ð source: @rebeccayale â¡Kim! 
#weddingblog #trouwblog #trouwen #verloofd #engaged #wedding #blogger #bruiloft #bruiloften #inspiratie #followme #weddingtrends #trouwtrends #love #liefde #blogging #flower #bouguet"
BGYo37ktcKb,"I love this minimal design ðð»ð #korbickasperky #jewelry #jewellery #jeweler #bespoke #rosegold #engaged #engagement #engagementring #diamonds #diamondring #czech"
BGYoyVoKvXe,"Daily inspiration........ â¤ï¸â¤ï¸â¤MemoirForever

#MemoiRforyou #bride #wedding #event #MelissaRochelleEvents  #memories #Memoir #Weddingplanner  #fashion #beauty #makeup #hair #photography #Inspiration #luxury #honeymoon  #diamond #weddingdress #dress #ring #engaged #jewellery  #cake  #food #fitness  #shoes #morningmotivation #faith #MemoirForever"
BGYotAzCsO_,"Hello there!
ð¸ð¸ð¸ I think it's the right time to say HELLO to our followers out here ð
My name is Anastasia Ivanova, I live in Sydney, Australia, I have my family (my hubby and 2 little monkeys) and my favourite businesses @paperforcuties (bright decor for bright events) and @SydneyPaperFlowers (WOW paper flowers)
Today there are 5 facts about me ""Where I am from""))
1) I was born in a small village near Kazan in the center of Russia and spent there all my school years. There is a great river Volga in 10 minutes walk from my parents house. Then I moved to the city as a big Uni girl ð¤
2) My hubby took me to Saint-Petersburg  as this was his school years city and he dreamed to come back there one day
3) Later on we decided to relocate to Moscow as we've got a secrect dream which we could realise most likely from there.
4) After 5 years living in Moscow we got our dream come true - we got permanent visa to Australia ð¦ðº and moved to Sydney
5) Today we enjoy our life here in Down Under (yes, it is that far!) and I can't stop ð± getting requests in my Etsy shop from US guys asking for a paper flower wall to hire this weekend in.... for example California, US ð
I do not know what will be our next destination.
But I enjoy my TODAY here!
More stories about us here ð
#sydneypaperflowers_me #unstoppable_sydneypaperflowers

Where are you guys from? Share below ð½ð½ð½"
BGYoqtlI_zS,".
GREG & MATT Photography ê·¸ë ì¤ë§·
www.gregandmatt.com
.
.
.
#gregandmatt #wedding #weddings #weddingdress #weddingstyle #weddingstagram #weddingphotographer #engagement #engaged #weddinginspiration #bride #groom #makeup #portrait #ì¨ë© #ì¨ë©ì¤ë #ë³¸ìì¤ë #ìë¸ì¤ë #ë°ì´í¸ì¤ë #ê²°í¼ì¤ë¹ #ìë¹ì ë¶ #ì¸ë¯¸ì¨ë© #ì¤ëª°ì¨ë© #ì±íì¨ë© #ìíì¨ë© #ì¨ë©ì´¬ì #ì±ë¹ê²°í¼ì #í¼ë°°ë¯¸ì¬ #ì²í¸ëì±ë¹ #ê·¸ë ì¤ë§·"
BGYooxPFIxN,"Professionally edited photos, taken by your guests.
.
.
#engaged #photoedit #bride #bridetobe #brideandgroom #bridesmaids #bridesmaid #bride #engagement #engagementday #diywedding #diyweddings #weddingtips #weddingplanning #weddingplanner #weddingphotographer #weddings #weddingideas #beautiful #instagood #guestshotguru"
BGYoolXlN8k,"Gothic looking towers and blue skies! An outside shot of our wedding venue âï¸ð"
BGYomr1OqZA,"We may be a little bias but we think that the west has the most beautiful light. â¨â¨â¨ Terri + Rhy's stunning Margaret river wedding is a must see for all Western Australian brides-to-be. Colourful, laid back and personal, this wedding includes some of best vendors that WA has to offer! ***LINK IN BIO TO FULL ARTICLE *** Gown: 'Lily' - in stores now. @kwhbridal @karenwillisholmes_perth @haystbridal  #kwhlily Photo: @lifephotographybymaz @wisewine | Flowers: @zestflowers | Stationery â @minted | Dessert Cart: @simmosicecreamery | Cake: @sweetsorellacakes | Hair: @stylinghairdesigns | Wedding bands: @jogiadiamonds | MUA: Amy Kelly Makeup"
BGYoktgBfLE,"Wednesdays Bling. Loose Pear Cut Diamond on GIA Cert.
#eddiehoffman #diamonds #diamond #diamondlife #pear #cut #cuts #clarity #bling #propose #engaged #engagement"
BGYohCtDzDx,"Last day tanning ð #holiday #Cyprus #best holiday #engaged"
BGYodf2MlUD,"Keep it simple âï¸ #modernlovers #nobasic"
BGYoZvOhXRr,"Perfection by @heidigibsondesigns  tag a friend who is recently engaged ð #gettingmarried #wedding #embracebridalboutique #engaged #love #bridetobe #gettingmarried #geelongbride  #ballaratbride #bohobride #bohobabe #"
BGYoNujjbVR,"Just a little something I am working on at the moment! #beautiful #stationery #wedding #weddingideas #engaged #doingamazingthings #weddinginvitation #ilovemyjob"
BGYoLwNn1KP,"SLAYER!!!@primeshadesgh 
Gown by @jbliving ð· @klalaphotography 
MUA @bibyonce âï¸ ð½ð¾ ð¼ð¼â¤ï¸â¤ï¸â¤ï¸. We love ððð #Paris ðð½ðð»ðð» ðâ¨ ðâ¨â¨â¨ð¥ð #GhanaWedding ð¯ð¯ð¯ððð°ðºðºðºð â¥â¥â¥â¥â¥ #prewedding #bride #nigerianwedding #naijabride #naija #naijawedding #naijabride #engagement #naijabrides #preweddingphoto #nigeria #bride #mua #nigeriawedding #wedding #weddingdress #weddinggown #London  #brides #ghana #weddings #engaged #photos #photography #photograph #weddinggoals #photo#weddingphotographer"
BGYoI9jQqCT,"Cathedral length veils add #instaglam to wedding day ensembles! â¨Love the drama @ktmerry @joyproctor @teamhairandmakeup

#bride #happy #bridal #engaged #wedding #jewelry #weekend #quote #photoshoot #veil #pretty #sparkle #happy #bling #isaidyes #tbt #love #sweet #diamond #bridetobe #flowers #fashion #photo #quote #wednesday #makeup #weddingday #editorial"
BGYoI9bTZ4Y,"We are on @cool_wedding2015 with our oriental mood: ""A journey to Orient for modern and colorful brides!"" ~ cover MARZO 2016 ~ [model @amourferraz] #CoolWedding #ElisabettaPolignano #sposa #marriage #matrimonio #madeinitaly #bride #bridal #novia #noivas #wedding #weddingdress #wedding #weddinggowns #bridalstyle #couture #fashion #fashionstyle #bridalfashion #fashionista #weddingshow #engaged #bridetobe #instawed #instawedding #ontheweddingmagazine"
BGYoGQgyFeb,"Ring by @heidigibsondesigns, ð·: @sheachristinephoto (@amypat) #ring #engagement #engagementring #engaged #propose #proposal #proposed #love #truelove #marryme #bridetobe #beautiful #uniqueengagementring #vintage #diamond #diamonds #diamondring #solitaire #haloring #pave #gatsby #thegreatgatsby #gatsbyring #artdeco #artdecoring #peonies #shesaidyes"
BGYoEiRLw4X,"Coussins porte alliance sur le thÃ¨me des papillons dans les tons fushia #mariage130816 #mariageenfuschia #mariagethemepapillons #butterfly #mariage #wedding #weddingparty  #celebration #bride  #weddingorganizer #unforgettable #love #mariee #loveher #forever #souvenir #couple #iloveyou #together #ceremony  #marriage #weddingday  #celebrate  #pourtoujours #congrats #congratulations #jetaime #futuremariee #pretty #engaged . We ship worldwide. See couture-broderie.fr"
BGYoEV8IiWy,"Wedding dreams! We adore new arrivals! In love with this stunning black and white picture of our 'Chanel' by Fiore Couture exclusive to Brides Selection. Embellished tuelle, fitted bodice, illusion back with soft skirt. 
#bridesselection #fiorecouture #perthwedding #perthbride #bride #bridedress #ido #engaged #wedding #weddingideas #weddingdress #weddingmakeup #weddinggown #weddingday #weddinghair #weddinginspiration#weddingphotography #weddingphoto #weddingstyle #justengaged #bridal #ido #instawedding #instabride  #designerbride #romance  #embellishment"
BGYoDJLu6wy,"Reading that final love letter from her #groom right before @emdeibcis walked down to meet him. #weddingday"
BGYn75GpVC2,"We having new photoprops promotion set, RM15 jaa gaiss. Murah sangat dah. Valid sampai raya jee promotion ni. So sapa takmau terlepas peluang. Cepat whatsapp!

Untuk orang Jitra & Alor setar yang berminat order cupcake boleh la cepat whatsapp 017-4846115 ð majlis dah dekat? Don't worry, weolss ada jaa masa untuk buat tempahan uolss hehehe

#diddycipapromotion â¤ï¸ whatsapp 017-4846115 â¤ï¸ #sayajual #cupcake #photoprops #photobooth #photoboothprop #propmurah #propcomel #propmalaysia #weddingprop #bubbletalk #bubbletalkmalaysia #bubbletalkmurah #kahwin #tunang #engaged #wedding #businesscard #sticker #guestbook #guestbookmurah #guestbookmalaysia #igframe #igframemurah #igframemalaysia  #igprops"
BGYn2KBBT0J,"What more perfect way is there to kickoff this week's #WeddingWednesday than celebrating a first anniversary?! Congratulations to Jenn + Tony as today marks one year since they said ""I do"" in Riviera Maya, CancÃºn! ð¸ð´ // #FindYourAdventure #HappyAnniversary #weddings"
BGYn0xlHpDd,"ððâ¤ #engaged #engagment #ring #fiance #fiancee #zakopane #gory #mountains #mountain #giewont #zareczyny #couple #love #narzeczony #narzeczona #slubpotem #pierscionek #beautiful #happy"
BGYnsMfIi9J,"Message cookies cup ðððð"
BGYnp9tpVCf,"Untuk orang Jitra & Alor setar yang berminat order cupcake boleh la cepat whatsapp 017-4846115 ð majlis dah dekat? Don't worry, weolss ada jaa masa untuk buat tempahan uolss hehehe

#diddycipapromotion â¤ï¸ whatsapp 017-4846115 â¤ï¸ #sayajual #cupcake #photoprops #photobooth #photoboothprop #propmurah #propcomel #propmalaysia #weddingprop #bubbletalk #bubbletalkmalaysia #bubbletalkmurah #kahwin #tunang #engaged #wedding #businesscard #sticker #guestbook #guestbookmurah #guestbookmalaysia #igframe #igframemurah #igframemalaysia  #igprops"
BGYnia7pVCW,"SAPA MAJLIS DIA DAH NAK DEKAT? 
So apa kata mai order props from @diddycipa @diddycipa @diddycipa ð majlis lagi seminggu pon don't worry masih sempat lagi order! Kami akan cepat2 siapkan props anda sebelum tarikh majlis. So jangan rebut peluang sementara @diddycipa still on promotion props hehehe harga murahhhh sangat2 tau! And bagi yang stay dekat JITRA & ALOR SETAR berminat nak order cupcake pon boleh jugak. Whatsapp now 017-4846115 â¤ï¸ #sayajual #cupcake #photoprops #photobooth #photoboothprop #propmurah #propcomel #propmalaysia #weddingprop #bubbletalk #bubbletalkmalaysia #bubbletalkmurah #kahwin #tunang #engaged #wedding #businesscard #sticker #guestbook #guestbookmurah #guestbookmalaysia #igframe #igframemurah #igframemalaysia  #igprops"
BGYnfavJ4pC,"FOR THE RINGS || Stacking goodness from @aristidesfinejewels for fine jewellery diamond love â¡â¡â¡ #jointheclique #novelabride â¡Nâ¡"
BGYnfTARY_E,"â¤ï¸â¤ï¸â¤ï¸The love of my life today asked me to marry him. He has supported me through all of my struggles,held me when I felt weak. And most of all has never stopped loving me for who I truely am. 
I love him and can't wait to be his wife! â¤ï¸â¤ï¸â¤ï¸ #engagementring #engaged"
BGYnc5CORl2,"I miss her so much #love #truelove #fiancÃ© #heart #relationship #engaged #happy #reallove #soulmate"
BGYnYzMHTL4,"ON THE BLOG TODAY - Terri and Rhy's beautiful Western Australia winery wedding is a must see for all brides-to-be. ***LINK IN BIO TO FULL ARTICLE *** Gown: 'Lily' - in stores now. @kwhbridal #kwhlily
Photo: @lifephotographybymaz
@wisewine |  Flowers: @zestflowers |  Stationery â @minted |  Dessert Cart: @simmosicecreamery |  Cake: @sweetsorellacakes | 
Hair: @stylinghairdesigns |  Wedding bands: @jogiadiamonds |  MUA: Amy Kelly Makeup"
BGYnYlNn1JJ,"Close shot of @missaeve ððð
Makeup by @Deeqlooks 
Hijab by @hijabtytude 
Photo credit @mofebamuyiwa âï¸ ð½ð¾ ð¼ð¼â¤ï¸â¤ï¸â¤ï¸. We love ððð #Paris ðð½ðð»ðð» ðâ¨ ðâ¨â¨â¨ð¥ð #GhanaWedding ð¯ð¯ð¯ððð°ðºðºðºð â¥â¥â¥â¥â¥ #prewedding #bride #nigerianwedding #naijabride #naija #naijawedding #naijabride #engagement #naijabrides #preweddingphoto #nigeria #bride #mua #nigeriawedding #wedding #weddingdress #weddinggown #London  #brides #ghana #weddings #engaged #photos #photography #photograph #weddinggoals #photo#weddingphotographer"
BGYnWj-w3_9,"Selamat berpuasa guys, masih semangat kan? .
.
.
#ramadhankareem #ramadhanmubarak #happyfasting #selamatberpuasa #prewedding #prewed #fotoprewedding #javaphotography #couple #engaged #wedding #photography #tangerang #tangerangprewedding #tangerangpreweddingphotography #jakartaphotography #jakartaprewedding #hijabprewedding #hijabphotography #favvorastudio #favvorastudiotangerang #favvorastudiophotography #favvorastudiovideography #motiongraphicjakarta"
BGYnJs4r7nI,"When she got dem eyes and dat... oh... hi claire- just 'miring my car :P 
#carappreciation #mazda #mazdacrew #classy #jdm #stock #shiny #fun #mazdafitment #stayclassy #girl #beautiful #mylove #explore #engaged #engagednow"
BGYnFugNpfy,"#Bride #Wedding #Engagement #Bridal #Engaged #Wed #Gastropost @Gastropost #NationalPost @NationalPost #SkylightTO #Groom #Wedspiration #WeddedBliss #Wedded #Wanderlust #ChaptersIndigo #SPGLife #Yorkville #RichKids #Love #Family #ItJustGotReal #SomethingBigIsComing #GroupUSA #Diamond #Diamonds #DiamondPen #Food #Fit #Fitness #TacoriGirl"
BGYnCCbQ5SC,"Can you hear the silence? ð³ð²ð #goodmorning #nature #spirit #silence #forrest #moor #water #longhair #smile #happy #me #green #love #engaged #bridetobe #fitnessjourney #fitgirl"
BGYm_t_zWJU,"LONDON FOR FREE! Wedding Photography & Engagement Shoot tips on the blog right now, seeking out the alternative view with the wonderful @eclectionphoto. Follow the link in our bio ðð¼"
BGYm4tSsIJW,"PIER ANN | Custom designed (and hand drawn) map cards printed on a 300gsm cotton white paper with slate letterpress | For all invitation and stationery enquiries, email design@laurenskorsis.com.au

#graphicdesign #graphicdesigner #wedding #weddinginvitation #weddinginvite #weddedwonderland #weddingstationery #engaged #engagement #invitation #invite #letterpress #cottonpaper #deboss #design #creative #style #thatsdarling #thehappynow #petitejoys #howyouglow #myunicornlife #happy #love"
BGYmblcQWK1,"#brandnew #instock #morilee #bride #love #engaged #wedding #weddingdress #marriage #forever #mylove #hubby #wifey #groom #bridesmaids"
BGYmYqWoOzQ,"Like & Tag your sweetie! ð ð ð

#couplegoals #couple #girlfriend #boyfriend #wife #husband #married #marriedlife #relationshipgoals #inlove #love #relationship #dating #engaged #datenight #myboo #soulmates"
BGYmWY-jlNu,"Like & Tag your sweetheart! ð ð ð

#couplegoals #couple #girlfriend #boyfriend #wife #husband #married #marriedlife #relationshipgoals #inlove #love #relationship #dating #engaged #datenight #myboo #soulmates #lovehim #loveher"
BGYmVplBcCP,"Proposal troll bead ðð #proposal #engagement #engaged #trollbeads #beads #love"
BGYmVmSGDvl,"Like & Tag your special someone! ð

#couplegoals #couple #girlfriend #boyfriend #wife #husband #married #marriedlife #relationshipgoals #inlove #love #relationship #dating #engaged #datenight #myboo #soulmates #lovehim #loveher"
BGYmShCmLuC,"Soft, feminine, pretty - a @guopeiofficial  Spring Summer 2016 dress that captures a light loveliness with splashes of aqua and gold on cream. 
#knotifyweddings #weddinginspiration #wedtech #weddingstartup #weddingplanning #engaged #engagedtobemarried #engagement #bridetobe #weddingtraditions #weddingdress #weddingvisions #gownspiration #weddingtrends #bridesmaiddress #bridesmaid #bridesmaids  #hautecouture #guopei #ss16 #couture

Credit: vogue.co.uk"
BGYmQdFnH0I,"Place order:
whatsapp +919743828072
auraearth@outlook.com
http://www.auraearth.com
We do ship worldwide!! #fashion #wedding #accessories #handmadejewelry #style #jewelry #handmade #moda #beautiful #roundcut #marryme #diamond #love #weddingring #gold #engagementring #engaged #dlnco #bigday #womensjewelry #handmadewithlove #jewelrydesigner #art #earth #earrings #creative #creativity #auraearth"
BGYmMHPv_Cr,"New Arrival â¤ï¸ Cushion Cut Halo Diamond Engagement Ring set in 18ct White Gold #love #diamonds #halo #engaged #ring #design #beautiful #jewellery #custom #potd #picoftheday #crowndiamondjewellers"
BGYmKxtx5wA,"I loved their stormy sky and how their outfits seemed to match... Photo by @chrisbentley @jesensten @noritaschi"
BGYmJ-Aw_FD,"Sonnenaufgang am See. Genau hier hat der Herzmann mir die Frage aller Fragen gestellt und was soll ich sagen, bei diesem wundervollen Ausblick musste ich einfach JA sagen ðð Ich wÃ¼nsche euch einen glÃ¼cklichen Mittwoch und drÃ¼cke euch fest ð
.
Sunrise at the lake. Exactly at this spot I was asked the question of all questions. Considering the amazing view, I simply had to say YES ðð Wishing all of you a lovely day. Hugs and kisses ð
.
#im7himmel #engaged #engagement #happiness"
